id,category_id,name_en,name_fi,description_en,description_fi,price,price_large,discount_price,currency,dietary_tags,allergens,available,image_url,order_links,options_group_ids
# Pita/Burger/Wrap - Meat,,,,,,,,,,,,,,,
chicken_doner,pita_meat,Chicken Döner,Kana Döner,"Tzatziki, kebab sauce, curry mayo, tomato, cucumber, chicken döner, red cabbage, roasted onion, fresh salad mix, sumac onion, parsley","Tzatzikia, kebabkastiketta, currymajoneesia, tomaattia, kurkkua, kanadöneriä, punakaalia, paahdettua sipulia, tuore salaattimix, sumakkisipulia, persiljaa",11.9,14.9,,EUR,"L,G",,TRUE,assets/images/image1.jpg,,size_option
halloumi_chicken_doner,pita_meat,Halloumi-Chicken Döner,Halloumi-Kana Döner,"Tzatziki, kebab sauce, curry mayo, tomato, cucumber, chicken döner, halloumi, fresh salad mix, red cabbage, roasted onion, sumac onion, parsley","Tzatzikia, kebabkastiketta, currymajoneesia, tomaattia, kurkkua, kanadöneriä, halloumia, tuore salaattimix, punakaalia, paahdettua sipulia, sumakkisipulia, persiljaa",12.9,15.9,,EUR,"L,G",,TRUE,assets/images/image1.jpg,,size_option
beef_doner,pita_meat,Beef Döner,Nauta Döner,"Tzatziki, kebab sauce, chili mayo, tomato, cucumber, beef döner, red cabbage, roasted onion, fresh salad mix, sumac onion, parsley","Tzatzikia, kebabkastiketta, chilimajoneesia, tomaattia, kurkkua, naudan döneriä, punakaalia, paahdettua sipulia, tuore salaattimix, sumakkisipulia, persiljaa",13.9,16.9,,EUR,"L,G",,TRUE,assets/images/image1.jpg,,size_option
halloumi_beef_doner,pita_meat,Halloumi-Beef Döner,Halloumi-Nauta Döner,"Tzatziki, kebab sauce, chili mayo, tomato, cucumber, beef döner, halloumi, fresh salad mix, red cabbage, roasted onion, sumac onion, parsley","Tzatzikia, kebabkastiketta, chilimajoneesia, tomaattia, kurkkua, naudan döneriä, halloumia, tuore salaattimix, punakaalia, paahdettua sipulia, sumakkisipulia, persiljaa",14.5,17.5,,EUR,"L,G",,TRUE,assets/images/image1.jpg,,size_option
# Pita/Burger/Wrap - Vegetarian & Vegan,,,,,,,,,,,,,,,
veg_halloumi,pita_veg,Vegetarian Halloumi,Kasvis-Halloumi,"Choose: falafel or seitan-döner (+1€). Falafel, seitan-döner (contains gluten), grilled halloumi, feta, hummus, tzatziki, tomato, cucumber, tabbouleh, salad mix, red cabbage, roasted onion, sumac onion, parsley","Valitse: falafel tai (seitan-döner +1€). Falafelia, seitan-döner (sis. gluteenia), paistettua halloumia, fetaa, hummusta, tzatzikia, tomaattia, kurkkua, tabulea, salaattimix, punakaalia, paahdettua sipulia, sumakkisipulia, persiljaa",11.9,14.9,,EUR,"L,K,G",,TRUE,assets/images/image1.jpg,,size_option
goat_cheese_veg,pita_veg,Goat Cheese & Vegetarian,Vuohenjuusto & Kasvis,"Choose: falafel or seitan-döner (+1€). Falafel/seitan-döner (contains gluten), pesto, hummus, goat cheese, feta, tomato, cucumber, tabbouleh, salad mix, red cabbage, roasted onion, sumac onion, parsley","Valitse: falafel tai (seitan-döner +1€). Falafelia/seitan-döner (sis. gluteenia), pestoa, hummusta, vuohenjuustoa, fetaa, tomaattia, kurkkua, tabulea, salaattimix, punakaalia, paahdettua sipulia, sumakkisipulia, persiljaa",11.9,14.9,,EUR,"VL,K,G",,TRUE,assets/images/image1.jpg,,size_option
veg_feta_eggplant,pita_veg,Vegetarian Feta & Eggplant,Kasvis Feta & Munakoiso,"Choose: falafel or seitan-döner (+1€). Falafel/seitan-döner (contains gluten), tzatziki, hummus, feta, tomato, cucumber, tabbouleh, salad mix, red cabbage, roasted onion, sumac onion, parsley","Valitse: falafel tai (seitan-döner +1€). Falafelia/seitan-döner (sis. gluteenia), tzatzikia, hummusta, fetaa, tomaattia, kurkkua, tabulea, salaattimix, punakaalia, paahdettua sipulia, sumakkisipulia, persiljaa",11.9,14.9,,EUR,"L,K,G",,TRUE,assets/images/image1.jpg,,size_option
eggplant_cauliflower,pita_veg,Eggplant-Cauliflower,Munakoiso-Kukkakaali,"Grilled eggplant and cauliflower, 3 falafel, hummus, tomato, cucumber, tabbouleh, salad mix, pickles, red cabbage, roasted onion, sumac onion, vegan mayo, parsley","Paistettua munakoisoa ja kukkakaalia, 3 falafelia, hummusta, tomaattia, kurkkua, tabulea, salaattimix, suolakurkkua, punakaalia, paahdettua sipulia, sumakkisipulia, vegaanimajoneesia, persiljaa",11.9,14.9,,EUR,,,TRUE,assets/images/image1.jpg,,size_option
house_vegan,pita_veg,House Vegan,Talon Vegan,"Choose: falafel or seitan-döner (+1€). Falafel, seitan-döner (contains gluten), hummus, tomato sauce, tomato, cucumber, pickles, salad mix, red cabbage, roasted onion, sumac onion, vegan mayo, parsley","Valitse: falafel tai (seitan-döner +1€). Falafelia, seitan-döner (sis. gluteenia), hummusta, tomaattikastiketta, tomaattia, kurkkua, suolakurkkua, salaattimix, punakaalia, paahdettua sipulia, sumakkisipulia, vegaanimajoneesia, persiljaa",10.9,12.9,,EUR,"VL,G",,TRUE,assets/images/image1.jpg,,size_option
custom_choice,pita_veg,Be The Chef!,Oma valinta - Be The Chef!,Create your own combination,Luo oma yhdistelmäsi,12.9,13.9,,EUR,,,TRUE,assets/images/image1.jpg,,size_option
# Mezze Bowls,,,,,,,,,,,,,,,
chicken_mezze,mezze_bowls,Chicken Döner Mezze Bowl,Kana Döner Mezze Bowl,"Pide bread, 2 falafel, hummus, tzatziki, tomato, cucumber, tabbouleh, eggplant, chicken döner, chickpeas, salad mix, red cabbage, roasted onion, sumac onion, parsley","Pide-leipää, 2 falafelia, hummusta, tzatzikia, tomaattia, kurkkua, tabulea, munakoisoa, kanadöneriä, kikherneitä, salaattimix, punakaalia, paahdettua sipulia, sumakkisipulia, persiljaa",12.9,15.9,,EUR,"L,G",,TRUE,assets/images/image1.jpg,,size_option
beef_mezze,mezze_bowls,Beef Döner Mezze Bowl,Nauta Döner Mezze Bowl,"Pide bread, 2 falafel, hummus, tzatziki, tomato, cucumber, tabbouleh, eggplant, beef döner, chickpeas, salad mix, red cabbage, roasted onion, sumac onion, parsley","Pide-leipää, 2 falafelia, hummusta, tzatzikia, tomaattia, kurkkua, tabulea, munakoisoa, nautadöneriä, kikherneitä, salaattimix, punakaalia, paahdettua sipulia, sumakkisipulia, persiljaa",14.5,17.5,,EUR,"L,G",,TRUE,assets/images/image1.jpg,,size_option
halloumi_mezze,mezze_bowls,Halloumi Mezze Bowl,Halloumi Mezze Bowl,"Pide bread, 4 falafel, tzatziki, hummus, tomato, cucumber, tabbouleh, halloumi, chickpeas, eggplant, salad mix, red cabbage, roasted onion, sumac onion, parsley","Pide-leipää, 4 falafelia, tzatzikia, hummusta, tomaattia, kurkkua, tabulea, halloumia, kikherneitä, munakoisoa, salaattimix, punakaalia, paahdettua sipulia, sumakkisipulia, persiljaa",12.9,15.9,,EUR,"K,G",,TRUE,assets/images/image1.jpg,,size_option
vegan_mezze,mezze_bowls,Vegan Mezze Bowl,Vegan Mezze Bowl,"Pide bread, 5 falafel, hummus, Boss tomato sauce, tomato, cucumber, tabbouleh, chickpeas, eggplant, salad mix, red cabbage, roasted onion, sumac onion, cauliflower, parsley","Pide-leipää, 5 falafelia, hummusta, Boss-tomaattikastiketta, tomaattia, kurkkua, tabulea, kikherneitä, munakoisoa, salaattimix, punakaalia, paahdettua sipulia, sumakkisipulia, kukkakaalia, persiljaa",12.9,15.9,,EUR,"V,G",,TRUE,assets/images/image1.jpg,,size_option
goat_cheese_mezze,mezze_bowls,Goat Cheese Mezze Bowl,Vuohenjuusto Mezze Bowl,"Pide bread, 4 falafel, hummus, pesto, tomato, cucumber, tabbouleh, goat cheese, salad mix, red cabbage, pomegranate, roasted onion, sumac onion, parsley","Pide-leipää, 4 falafelia, hummusta, pestoa, tomaattia, kurkkua, tabulea, vuohenjuustoa, salaattimix, punakaalia, granaattiomenaa, paahdettua sipulia, sumakkisipulia, persiljaa",12.5,15.5,,EUR,"L,K,G",,TRUE,assets/images/image1.jpg,,size_option
feta_mezze,mezze_bowls,Feta Mezze Bowl,Feta Mezze Bowl,"Pide bread, 4 falafel, grilled feta, olives, tzatziki, hummus, tomato, cucumber, tabbouleh, pomegranate, salad mix, red cabbage, roasted onion, sumac onion, parsley","Pide-leipää, 4 falafelia, paistettua fetaa, oliiveja, tzatzikia, hummusta, tomaattia, kurkkua, tabulea, granaattiomenaa, salaattimix, punakaalia, paahdettua sipulia, sumakkisipulia, persiljaa",12.5,15.5,,EUR,"L,K,G",,TRUE,assets/images/image1.jpg,,size_option
# Döner Bowls,,,,,,,,,,,,,,,
doner_fries_bowl,doner_bowls,Döner French Fries Bowl,Döner Ranskalaiset Bowl,"Chicken/beef döner (+1€ for beef) with curry mayo/chili mayo, hummus, tzatziki, red cabbage, roasted onion, sumac onion, jalapeño, pickles, tomato-cucumber-iceberg salad mix, seasoned french fries, kebab sauce, your choice of döner, garlic mayo","Kana/nauta döner (+1€ nauta) currymajoneesia/chilimajoneesi, hummusta, tzatzikia, punakaalia, paahdettu sipulia, sumakkisipulia, jalapeño, suolakurkkua, tomaatti-kurkku-jäävuorisalaattimix, maustettuja ranskalaisia perunoita, kebabkastiketta, valitsemasi döner, valkosipulimajoneesia",12.9,15.9,,EUR,"L,K,G",,TRUE,assets/images/image1.jpg,,protein_option
doner_rice_bowl,doner_bowls,Döner Rice Bowl,Döner Riisi Bowl,"Chicken/beef döner (+1€ for beef) with curry mayo/chili mayo, hummus, tzatziki, red cabbage, roasted onion, sumac onion, jalapeño, pickles, tomato-cucumber-iceberg salad mix, rice, kebab sauce, your choice of döner, garlic mayo","Kana/nauta döner (+1€ nauta) currymajoneesia/chilimajoneesi, hummusta, tzatzikia, punakaalia, paahdettu sipulia, sumakkisipulia, jalapeño, suolakurkkua, tomaatti-kurkku-jäävuorisalaattimix, riisiä, kebabkastiketta, valitsemasi döner, valkosipulimajoneesi",12.9,15.9,,EUR,"L,K,G",,TRUE,assets/images/image1.jpg,,protein_option
doner_iskander_bowl,doner_bowls,Döner Iskander Bowl,Döner Iskander Bowl,"Chicken/beef döner (+1€ for beef) with curry mayo/chili mayo, hummus, tzatziki, red cabbage, roasted onion, sumac onion, jalapeño, pickles, tomato-cucumber-iceberg salad mix, pide bread, kebab sauce, your choice of döner, garlic mayo","Kana/nauta döner (+1€ nauta) currymajoneesia/chilimajoneesi, hummusta, tzatzikia, punakaalia, paahdettu sipulia, sumakkisipulia, jalapeño, suolakurkkua, tomaatti-kurkku-jäävuorisalaattimix, pide-leipää, kebabkastiketta, valitsemasi döner, valkosipulimajoneesia",12.9,15.9,,EUR,"L,K,G",,TRUE,assets/images/image1.jpg,,protein_option
voner_bowl,doner_bowls,Vöner Bowl,Vöner Bowl,"Pide bread/rice/french fries, seitan döner (contains gluten), hummus, Boss tomato sauce, tomato, cucumber, pickles, fresh salad mix, red cabbage, roasted onion, sumac onion, vegan mayo, parsley","Pide-leipää/riisi/ranskalaiset, seitan döner (sis. gluteenia), hummusta, Boss-tomaattikastiketta, tomaattia, kurkkua, suolakurkkua, tuore salaattimix, punakaalia, paahdettu sipulia, sumakkisipulia, vegaanimajoneesi, persiljaa",12.9,15.9,,EUR,V,gluten,TRUE,assets/images/image1.jpg,,size_option
house_special_bowl,doner_bowls,House Special Bowl,Talon Special Bowl,"Kebab döner, chicken döner, french fries, rice, curry mayo, chili mayo, hummus, tzatziki, red cabbage, roasted onion, sumac onion, jalapeño, pickles, tomato-cucumber-iceberg salad mix, kebab sauce, garlic mayo","Kebab döner, kana döner, ranskalaiset, riisi, currymajoneesia, chilimajoneesi, hummusta, tzatzikia, punakaalia, paahdettu sipulia, sumakkisipulia, jalopenoa, suolakurkkua, tomaatti-kurkku-jäävuorisalaattimix, kebabkastiketta, valkosipulimajoneesia",13.9,16.9,,EUR,,,TRUE,assets/images/image1.jpg,,size_option
custom_bowl,doner_bowls,Be The Chef! Bowl,Oma Bowl - Be The Chef!,Create your own bowl combination,Luo oma bowl-yhdistelmäsi,13.9,16.9,,EUR,,,TRUE,assets/images/image1.jpg,,size_option
# Children's Menu,,,,,,,,,,,,,,,
kids_doner_fries,children,Kids Döner & French Fries,Lasten Kana/Nauta Döner & Ranskalaiset,"Your choice of döner, 2 falafel, french fries, tomato, cucumber, ketchup, tzatziki","Valitsemaasi döneriä, 2 falafelia, ranskalaiset, tomaattia, kurkkua, ketsuppia, tzatzikia",8.9,,,EUR,"L,K,G",,TRUE,assets/images/image1.jpg,,
kids_falafel_salad,children,Kids Falafel Salad,Lasten Falafel Salaatti,"3 falafel, tzatziki, hummus, red cabbage, cucumber, tomato, fresh salad mix","3 falafelia, tzatzikia, hummusta, punakaalia, kurkkua, tomaattia, tuore salaattimix",7.9,,,EUR,"L,K,G",,TRUE,assets/images/image1.jpg,,
# Sides,,,,,,,,,,,,,,,
chicken_strips,sides,Chicken Strips (6pcs),Chicken Strips (6kpl),"6 chicken strips, curry mayo, chili mayo, ketchup","Kana strips 6kpl, currymajoneesia, chilimajoneesi, ketchup",8.9,,,EUR,lactose-free,,TRUE,assets/images/image1.jpg,,
boneless_drumsticks,sides,Boneless Drumsticks (6pcs),Boneless Drumsticks (6kpl),"6 boneless drumsticks, curry mayo, chili mayo, ketchup","Boneless Drumsticks 6kpl, currymajoneesia, chilimajoneesi, ketchup",8.9,,,EUR,lactose-free,,TRUE,assets/images/image1.jpg,,
nuggets,sides,Nuggets (7pcs),Nugetti (7kpl),"7 nuggets, garlic mayo, ketchup","Nugetti 7kpl, valkosipulimajoneesia, ketchup",5.9,,,EUR,lactose-free,,TRUE,assets/images/image1.jpg,,
fish_chips,sides,Fish & Chips,Fish & chips,"Fried cod fillet, garlic mayo, lemon and french fries","Friteerattua turskan seläkettä, valkosipulimajoneesi, sitruuna sekä ranskalaiset",10.9,,,EUR,lactose-free,fish,TRUE,assets/images/image1.jpg,,
fries_chili_mayo,sides,French Fries & Chili Mayo,Ranskalaiset & Chilimajoneesi,French fries with chili mayo dip,Ranskalaiset perunat ja chilimajoneesi-dippi,3.9,,,EUR,"G,V",,TRUE,assets/images/image1.jpg,,
sweet_potato_fries,sides,Sweet Potato Fries & Tzatziki,Bataattiranskalaiset & Tzatzikia,Sweet potato fries with tzatziki dip,Bataattiranskalaiset ja tzatziki-dippi,4.9,,,EUR,"lactose-free,gluten-free",,TRUE,assets/images/image1.jpg,,
hummus_pide,sides,Hummus & Toasted Pide Bread,Hummus & Paahdettua pide-leipää,Hummus with toasted pide bread,Hummusta ja paahdettua pide-leipää,5.5,,,EUR,"vegan,lactose-free,gluten-free",,TRUE,assets/images/image1.jpg,,
falafel_hummus,sides,5 Falafel & Hummus,5 Falafelia & Hummus,5 falafel with hummus dip,5 falafelia ja hummus-dippi,4.9,,,EUR,"gluten-free,vegan",,TRUE,assets/images/image1.jpg,,
halloumi_fries,sides,Halloumi Fries & Tzatziki,Halloumiranskalaisia & Tzatzikia,Halloumi fries with tzatziki dip,Halloumiranskalaisia ja tzatziki-dippi,5.5,,,EUR,"lactose-free,gluten-free",,TRUE,assets/images/image1.jpg,,
cauliflower_hummus,sides,Cauliflower & Hummus,Kukkakaali & Hummus,Grilled cauliflower with hummus dip,Grillattua kukkakaalia ja hummus-dippi,4.9,,,EUR,"gluten-free,vegan",,TRUE,assets/images/image1.jpg,,
rice,sides,Rice,Riisi,Seasoned rice,Maustettua riisiä,3.9,,,EUR,"gluten-free,vegan",,TRUE,assets/images/image1.jpg,,
loaded_fries,sides,Loaded French Fries,Loaded ranskalaiset,"Chili mayo, seasoned onion, roasted onion and chili","Chilimajoneesi, maustettua sipulia, paahdettu sipulia ja chiliä",7,,,EUR,"gluten-free,vegan",,TRUE,assets/images/image1.jpg,,
# Beverages,,,,,,,,,,,,,,,
house_lemonade,beverages,House Lemonade,Talon Lemoned,Fresh house-made lemonade,Tuore talon tekemä limsa,2.9,,,EUR,"G,V",,TRUE,assets/images/image1.jpg,,
coca_cola,beverages,Coca-Cola 0.33L,Coca-Cola 0,33L,Classic Coca-Cola,Klassinen Coca-Cola,2.9,,,EUR,"vegan,gluten-free",,TRUE,assets/images/image1.jpg,,
coca_cola_zero,beverages,Coca-Cola Zero 0.33L,Coca-Cola Zero 0,33L,Sugar-free Coca-Cola,Sokeriton Coca-Cola,2.9,,,EUR,"vegan,gluten-free",,TRUE,assets/images/image1.jpg,,
jaffa_orange,beverages,Jaffa Orange 0.33L,Jaffa Appelsiini 0,33L,Orange flavored soft drink,Appelsiinimakuinen virvoitusjuoma,2.9,,,EUR,"vegan,gluten-free",,TRUE,assets/images/image1.jpg,,
7up_free,beverages,7Up Free 0.33L,7Up Free 0,33L,Sugar-free lemon-lime soda,Sokeriton sitruuna-lime virvoitusjuoma,2.9,,,EUR,"vegan,gluten-free",,TRUE,assets/images/image1.jpg,,
vichy_water,beverages,Hartwall Vichy Original 0.33L,Hartwall Vichy Original kivennäisvesi 0,33L,Mineral water,Kivennäisvesi,2.9,,,EUR,"vegan,gluten-free",,TRUE,assets/images/image1.jpg,,
mountain_dew,beverages,Mountain Dew 0.33L,Mountain Dew virvoitusjuoma 0,33L,Mountain Dew soft drink,Mountain Dew virvoitusjuoma,2.9,,,EUR,"vegan,gluten-free",,TRUE,assets/images/image1.jpg,,
jarritos,beverages,Jarritos 0.37L,Jarritos Guava/Mandarin/Mango/Grapefruit 0,37L,"Mexican fruit sodas - Guava, Mandarin, Mango, Grapefruit","Meksikolaiset hedelmävirvoitusjuomat - Guava, Mandariini, Mango, Grapefruit",3.9,,,EUR,"vegan,gluten-free",,TRUE,assets/images/image1.jpg,,
god_morgon_orange,beverages,God Morgon Orange,God Morgon Appelsiini,Orange juice,Appelsiinimehu,2.9,,,EUR,"vegan,gluten-free",,TRUE,assets/images/image1.jpg,,
god_morgon_apple,beverages,God Morgon Apple,God Morgon Omena,Apple juice,Omenamehu,2.9,,,EUR,"vegan,gluten-free",,TRUE,assets/images/image1.jpg,,
# Dips & Sauces,,,,,,,,,,,,,,,
garlic_mayo_dip,dips,Garlic Mayo,Valkosipulimajoneesi,Garlic mayonnaise,Valkosipulimajoneesi,1.5,,,EUR,lactose-free,,TRUE,assets/images/image1.jpg,,
chili_mayo_dip,dips,Chili Mayo,Chilimajoneesi,Chili mayonnaise,Chilimajoneesi,1.5,,,EUR,lactose-free,,TRUE,assets/images/image1.jpg,,
curry_mayo_dip,dips,Curry Mayo,Currymajoneesi,Curry mayonnaise,Currymajoneesi,1.5,,,EUR,lactose-free,,TRUE,assets/images/image1.jpg,,
tzatziki_dip,dips,Tzatziki,Tzatziki,Traditional Greek yogurt dip,Perinteinen kreikkalainen jogurttidippi,1.5,,,EUR,lactose-free,,TRUE,assets/images/image1.jpg,,
hummus_dip,dips,Hummus,Hummus,Traditional chickpea dip,Perinteinen kikhernedippi,1.5,,,EUR,vegan,,TRUE,assets/images/image1.jpg,,
naga_dip,dips,Naga,Naga,Spicy naga sauce,Tulinen naga-kastike,1.5,,,EUR,vegan,,TRUE,assets/images/image1.jpg,,
house_tomato_sauce,dips,House Tomato Sauce,Talon Tomatti kastike,House special tomato sauce,Talon erikoistomaattikastike,1.5,,,EUR,vegan,,TRUE,assets/images/image1.jpg,,
